{
  "variants": {
    "facing=east,half=bottom,shape=straight": {
      "model": "cu:block/escaler_en_deepslate_tile"
    },
    "facing=west,half=bottom,shape=straight": {
      "model": "cu:block/escaler_en_deepslate_tile",
      "y": 180,
      "uvlock": true
    },
    "facing=south,half=bottom,shape=straight": {
      "model": "cu:block/escaler_en_deepslate_tile",
      "y": 90,
      "uvlock": true
    },
    "facing=north,half=bottom,shape=straight": {
      "model": "cu:block/escaler_en_deepslate_tile",
      "y": 270,
      "uvlock": true
    },
    "facing=east,half=bottom,shape=inner_right": {
      "model": "cu:block/escaler_en_deepslate_tile_inner"
    },
    "facing=west,half=bottom,shape=inner_right": {
      "model": "cu:block/escaler_en_deepslate_tile_inner",
      "y": 180,
      "uvlock": true
    },
    "facing=south,half=bottom,shape=inner_right": {
      "model": "cu:block/escaler_en_deepslate_tile_inner",
      "y": 90,
      "uvlock": true
    },
    "facing=north,half=bottom,shape=inner_right": {
      "model": "cu:block/escaler_en_deepslate_tile_inner",
      "y": 270,
      "uvlock": true
    },
    "facing=east,half=bottom,shape=inner_left": {
      "model": "cu:block/escaler_en_deepslate_tile_inner",
      "y": 270,
      "uvlock": true
    },
    "facing=west,half=bottom,shape=inner_left": {
      "model": "cu:block/escaler_en_deepslate_tile_inner",
      "y": 90,
      "uvlock": true
    },
    "facing=south,half=bottom,shape=inner_left": {
      "model": "cu:block/escaler_en_deepslate_tile_inner"
    },
    "facing=north,half=bottom,shape=inner_left": {
      "model": "cu:block/escaler_en_deepslate_tile_inner",
      "y": 180,
      "uvlock": true
    },
    "facing=east,half=top,shape=straight": {
      "model": "cu:block/escaler_en_deepslate_tile",
      "x": 180,
      "uvlock": true
    },
    "facing=west,half=top,shape=straight": {
      "model": "cu:block/escaler_en_deepslate_tile",
      "x": 180,
      "y": 180,
      "uvlock": true
    },
    "facing=south,half=top,shape=straight": {
      "model": "cu:block/escaler_en_deepslate_tile",
      "x": 180,
      "y": 90,
      "uvlock": true
    },
    "facing=north,half=top,shape=straight": {
      "model": "cu:block/escaler_en_deepslate_tile",
      "x": 180,
      "y": 270,
      "uvlock": true
    },
    "facing=east,half=top,shape=outer_right": {
      "model": "cu:block/escaler_en_deepslate_tile_outer",
      "x": 180,
      "y": 90,
      "uvlock": true
    },
    "facing=west,half=top,shape=outer_right": {
      "model": "cu:block/escaler_en_deepslate_tile_outer",
      "x": 180,
      "y": 270,
      "uvlock": true
    },
    "facing=south,half=top,shape=outer_right": {
      "model": "cu:block/escaler_en_deepslate_tile_outer",
      "x": 180,
      "y": 180,
      "uvlock": true
    },
    "facing=north,half=top,shape=outer_right": {
      "model": "cu:block/escaler_en_deepslate_tile_outer",
      "x": 180,
      "uvlock": true
    },
    "facing=east,half=top,shape=outer_left": {
      "model": "cu:block/escaler_en_deepslate_tile_outer",
      "x": 180,
      "uvlock": true
    },
    "facing=west,half=top,shape=outer_left": {
      "model": "cu:block/escaler_en_deepslate_tile_outer",
      "x": 180,
      "y": 180,
      "uvlock": true
    },
    "facing=south,half=top,shape=outer_left": {
      "model": "cu:block/escaler_en_deepslate_tile_outer",
      "x": 180,
      "y": 90,
      "uvlock": true
    },
    "facing=north,half=top,shape=outer_left": {
      "model": "cu:block/escaler_en_deepslate_tile_outer",
      "x": 180,
      "y": 270,
      "uvlock": true
    },
    "facing=east,half=top,shape=inner_right": {
      "model": "cu:block/escaler_en_deepslate_tile_inner",
      "x": 180,
      "y": 90,
      "uvlock": true
    },
    "facing=west,half=top,shape=inner_right": {
      "model": "cu:block/escaler_en_deepslate_tile_inner",
      "x": 180,
      "y": 270,
      "uvlock": true
    },
    "facing=south,half=top,shape=inner_right": {
      "model": "cu:block/escaler_en_deepslate_tile_inner",
      "x": 180,
      "y": 180,
      "uvlock": true
    },
    "facing=north,half=top,shape=inner_right": {
      "model": "cu:block/escaler_en_deepslate_tile_inner",
      "x": 180,
      "uvlock": true
    },
    "facing=east,half=top,shape=inner_left": {
      "model": "cu:block/escaler_en_deepslate_tile_inner",
      "x": 180,
      "uvlock": true
    },
    "facing=west,half=top,shape=inner_left": {
      "model": "cu:block/escaler_en_deepslate_tile_inner",
      "x": 180,
      "y": 180,
      "uvlock": true
    },
    "facing=south,half=top,shape=inner_left": {
      "model": "cu:block/escaler_en_deepslate_tile_inner",
      "x": 180,
      "y": 90,
      "uvlock": true
    },
    "facing=north,half=top,shape=inner_left": {
      "model": "cu:block/escaler_en_deepslate_tile_inner",
      "x": 180,
      "y": 270,
      "uvlock": true
    },
    "facing=east,half=bottom,shape=outer_right": {
      "model": "cu:block/escaler_en_deepslate_tile_outer"
    },
    "facing=west,half=bottom,shape=outer_right": {
      "model": "cu:block/escaler_en_deepslate_tile_outer",
      "y": 180,
      "uvlock": true
    },
    "facing=south,half=bottom,shape=outer_right": {
      "model": "cu:block/escaler_en_deepslate_tile_outer",
      "y": 90,
      "uvlock": true
    },
    "facing=north,half=bottom,shape=outer_right": {
      "model": "cu:block/escaler_en_deepslate_tile_outer",
      "y": 270,
      "uvlock": true
    },
    "facing=east,half=bottom,shape=outer_left": {
      "model": "cu:block/escaler_en_deepslate_tile_outer",
      "y": 270,
      "uvlock": true
    },
    "facing=west,half=bottom,shape=outer_left": {
      "model": "cu:block/escaler_en_deepslate_tile_outer",
      "y": 90,
      "uvlock": true
    },
    "facing=south,half=bottom,shape=outer_left": {
      "model": "cu:block/escaler_en_deepslate_tile_outer"
    },
    "facing=north,half=bottom,shape=outer_left": {
      "model": "cu:block/escaler_en_deepslate_tile_outer",
      "y": 180,
      "uvlock": true
    }
  }
}